filename,container_id
1-122830001-OCR-AH-A01_jpg.rf.f1962d51d77cd07e24123bd1b316edd4.jpg,MEDU4024195
1-122906001-OCR-AH-A01_jpg.rf.56b7a9161b16749c40b3117e501f1762.jpg,AMFU3254527
1-123029001-OCR-AH-A01_jpg.rf.59721db24c3a3f1dcbc2909685e8644d.jpg,TWCU2072995
1-123147001-OCR-AH-A01_jpg.rf.f4ec7bcf82ab1544a67eee02cc40fdbc.jpg,BSIU3121575
1-123402001-OCR-AH-A01_jpg.rf.025ac0a604bcddab7d2e2394eaa718f2.jpg,BMOU6725737
1-123407001-OCR-AH-A01_jpg.rf.0eee86cfd9bcbdb1b54bccfced90fed7.jpg,TGHU0278621
1-123504001-OCR-AH-A01_jpg.rf.c02cc722c1fbe23e1813a6c425f214df.jpg,TCLU5533417
1-123512001-OCR-AH-A01_jpg.rf.34f8121c72af8c4e8af2009a22a2cfa4.jpg,MRKU2011292
1-123638001-OCR-AH-A01_jpg.rf.e376a36b99bbeee8fcf47ef5d12fe50d.jpg,BMOU4131633
1-123810001-OCR-AH-A01_jpg.rf.b25bbc2add8635f13cee0e3e0cf251f9.jpg,MRKU4571399
1-123921001-OCR-AH-A01_jpg.rf.7564ea1d9e13905e16f3c33f0501c3ef.jpg,MRKU0555960
1-124141001-OCR-AH-A01_jpg.rf.2759e109d824ac401415a502f2bcda5f.jpg,HLXU5351761
1-124221001-OCR-AH-A01_jpg.rf.47b4159c400e8c4e01a4c1d251749a61.jpg,TCKU3310401
1-124401001-OCR-AH-A01_jpg.rf.1829bd07606e7ca00ed2632d6ed68be7.jpg,SEGU1313816
1-124419001-OCR-AH-A01_jpg.rf.2767a3c2dbe08fb6b84a57aba0b4544a.jpg,FSCU5107325
1-124421001-OCR-AH-A01_jpg.rf.df4311abfb03b87da75dee8241eedd5d.jpg,BMOU6200266
1-124449001-OCR-AH-A01_jpg.rf.edc5f934e7c7a073034ec5e9cc583b8f.jpg,TCNU8935192
1-124722001-OCR-AH-A01_jpg.rf.80d63142fa0a5ffbe337045d8ad7d12d.jpg,TCNU6461279
1-124957001-OCR-AH-A01_jpg.rf.c89aed20bc0b94eea6d971d3981ab42e.jpg,WFHU5136405
1-125020001-OCR-AH-A01_jpg.rf.0c40c7de6d3c2a1e4a9f47dd0c14916b.jpg,YMLU9006596
1-125138001-OCR-AH-A01_jpg.rf.e34e054d4e78777b9a839b311d484f4f.jpg,HLXU5108577
1-125254001-OCR-AH-A01_jpg.rf.9bfb9bac7f6d341f4afd8cf83bfbbd77.jpg,STXU2054050
1-125357001-OCR-AH-A01_jpg.rf.25a46a44bbeadc93b15662ef817a8511.jpg,TWCU2083177
1-125513001-OCR-AH-A01_jpg.rf.684b21857a84ae55e7839f94cade43c7.jpg,SEGU5845118
1-125656001-OCR-AH-A01_jpg.rf.4f616b2dec9f661d6e9c1a04b81ddfd3.jpg,CAIU8782037
1-130403001-OCR-AH-A01_jpg.rf.7c811c2b6e987b8af3ff237e71f41caf.jpg,TCNU4922860
1-130533001-OCR-AH-A01_jpg.rf.3455046030c1ce8ba5817393eb72ce97.jpg,UACU5520091
1-130636001-OCR-AH-A01_jpg.rf.c336acc502a28a0d22a59093e1cc4a12.jpg,TCNU7834227
1-130713001-OCR-AH-A01_jpg.rf.481fa4cd6b7a8b0db02f8e198e8a4256.jpg,PCIU2743129
1-130738001-OCR-AH-A01_jpg.rf.4c1fe2c965752aeb1ffc12bfd2e48b19.jpg,KKFU7818595
1-130749001-OCR-AH-A01_jpg.rf.e264e2476916e01dfbd8f549d42a5e19.jpg,TEMU6103130
1-130825001-OCR-AH-A01_jpg.rf.b40f9b0e55434a8be774d732b16bd4d4.jpg,TTNU4897461
1-130909001-OCR-AH-A01_jpg.rf.408c6b24d9f9b071fc74f3ca67de38ff.jpg,CPSU6432581
1-131010001-OCR-AH-A01_jpg.rf.d0b573452fd369540e057d21a459fc7a.jpg,TRLU8200492
1-131213001-OCR-AH-A01_jpg.rf.d5d358185c95b89939387e167b0d3850.jpg,BSIU2448774
1-131229001-OCR-AH-A01_jpg.rf.6bee3680d912534bcdea76899d70a4be.jpg,TCNU5558433
1-131354001-OCR-AH-A01_jpg.rf.1270a1d3e4c4c3dc2b21eb26f251cddd.jpg,TEMU8636592
1-131831001-OCR-AH-A01_jpg.rf.f89a5a5e38f8e6e916f04a5fb12f1fdf.jpg,MSCU9262918
1-131947001-OCR-AH-A01_jpg.rf.8b92d3c2856fa303dd3172ddbad82c0b.jpg,TEMU0827000
1-132047001-OCR-AH-A01_jpg.rf.40eb10737bdcf9b5bb0ed3c40965a1cd.jpg,TRHU3640459
1-132125001-OCR-AH-A01_jpg.rf.c9392d99c0148ad6dbe0e8fa196bb5c1.jpg,GESU6621930
1-132303001-OCR-AH-A01_jpg.rf.fb3b58e6b5e51d074bdd92bcdac50b4e.jpg,TGHU0537770
1-132325001-OCR-AH-A01_jpg.rf.4e1d4bd1ae8ccbc493d4fe949f6037e9.jpg,BEAU4166635
1-132407001-OCR-AH-A01_jpg.rf.a8b4726fba4088949a0dcfb4a0a4c667.jpg,FCIU9594900
1-132411001-OCR-AH-A01_jpg.rf.5aecc43a706a67df683b4c7f15e3452c.jpg,SUDU6915729
1-132541001-OCR-AH-A01_jpg.rf.8671ce90c77e296f7a899886c2fce348.jpg,FSCU7043826
1-132601001-OCR-AH-A01_jpg.rf.ec83bdf5eef2ebacce22d96d300d39b6.jpg,MSCU7895429
1-132745001-OCR-AH-A01_jpg.rf.51f9a374f202aae46d072a3bb504eab7.jpg,TCNU5345016
1-133128001-OCR-AH-A01_jpg.rf.99536574a10f9239e58c341544484022.jpg,WFHU5188287
1-133136001-OCR-AH-A01_jpg.rf.3e77e8073862caf4dcd1dc6654fa1a01.jpg,TCNU3272224
1-133713001-OCR-AH-A01_jpg.rf.6655a9a4ddc03f37980f08559b02bbe3.jpg,TRHU2920922
1-134203001-OCR-AH-A01_jpg.rf.b0180e1c7cc89ac29c454bceeb2e6724.jpg,TRIU0535670
1-134430001-OCR-AH-A01_jpg.rf.a0ef948d506782af585d5526204234d1.jpg,TCNU7873178
1-134616001-OCR-AH-A01_jpg.rf.695e7f4d9dfba42f19d161b89ddd373a.jpg,TEMU6372145
1-134655001-OCR-AH-A01_jpg.rf.d9e14d9d1611d45b845d43818f1df93a.jpg,MRKU2851261
1-135116001-OCR-AH-A01_jpg.rf.40e238b8a56363ed181a19ffe7019175.jpg,BMOU6859058
1-135405001-OCR-AH-A01_jpg.rf.94de794c5400406a694547e3a9bd2f5e.jpg,BEAU2358198
1-135910001-OCR-AH-A01_jpg.rf.499116c6c70c2ed0dcf561a5da20a0a2.jpg,TCNU8626552
1-140205001-OCR-AH-A01_jpg.rf.54151722d3e1efb5b620d9cf4e174bd0.jpg,UNIU5041740
1-140506001-OCR-AH-A01_jpg.rf.7fe708d3d5a5e68bd6aebf84a13ac4ac.jpg,TCNU8310306
1-144110001-OCR-AH-A01_jpg.rf.ccb39bbd14035dd735cbdabbd197d7bb.jpg,TLLU4184535
1-144130001-OCR-AH-A01_jpg.rf.4f52c9d5701e205be11804ab132877c8.jpg,FCIU3663692
1-144157001-OCR-AH-A01_jpg.rf.c573cf90aec8bf2af0289459de331d4c.jpg,MRSU3115611
1-144240001-OCR-AH-A01_jpg.rf.78167f38338a68ddb5efe98fed3a9978.jpg,TCNU6306020
1-144244001-OCR-AH-A01_jpg.rf.a47dd3366571749d87f47711e74def54.jpg,TCLU8783678
1-144334001-OCR-AH-A01_jpg.rf.779e32482b25c0f563738bae6560d160.jpg,CMAU4684781
1-144516001-OCR-AH-A01_jpg.rf.6d25586473814fe18a6b3e15f5f74842.jpg,SUDU6843547
1-144523001-OCR-AH-A01_jpg.rf.ba8b8ba7ec6c73e49993339f537b6965.jpg,CMAU4974667
1-144547001-OCR-AH-A01_jpg.rf.2fb798d53e93e2cb0408e76e4df55130.jpg,TCLU8559924
1-144701001-OCR-AH-A01_jpg.rf.33f4106b7284b2f60942ee0c7ce1c974.jpg,TGHU9095529
1-144710001-OCR-AH-A01_jpg.rf.1ddfe064cfcba1ff965f8e4248ebfe43.jpg,MRKU6234191
1-144747001-OCR-AH-A01_jpg.rf.cd976d8cde92ad367deadd12de46301b.jpg,BSIU9563039
1-144815001-OCR-AH-A01_jpg.rf.4f968d61328d783d6a85096e39c199be.jpg,TCNU5466194
1-144923001-OCR-AH-A01_jpg.rf.bfdcf35845ad0635f89a67a85f9797a6.jpg,TCLU8615247
1-144929001-OCR-AH-A01_jpg.rf.140e4584c5990046a62c47de4cbbeb8d.jpg,BMOU5836865
1-145016001-OCR-AH-A01_jpg.rf.fd04a8ba7c3330c3f0fb869eae9236aa.jpg,MRSU3082307
1-145032001-OCR-AH-A01_jpg.rf.9422976acc35b84257904e91387398a7.jpg,TCNU4412300
1-145053001-OCR-AH-A01_jpg.rf.a2e6bb03dc2148b8b5fbe682d6ff276c.jpg,BEAU2863353
1-123222001-OCR-AH-A01_jpg.rf.34dbaa64cfc5b466e4044da9d73c6df3.jpg,MNBU0224998
1-124043001-OCR-AH-A01_jpg.rf.ba761affa8efb2d97fe499dd008967a6.jpg,IRSU2045217
1-124544001-OCR-AH-A01_jpg.rf.50dd42f41e2269b5ab0bdc948d1bb9a9.jpg,MRKU6235602
1-124554001-OCR-AH-A01_jpg.rf.ce3a4e785ec222acb789f8865873e547.jpg,SUDU6073750
1-124829001-OCR-AH-A01_jpg.rf.2fbc65fc154cd4a0fe6453238b5cfeb9.jpg,TGHU9782280
1-124954001-OCR-AH-A01_jpg.rf.13ae62f8b5c7a9c66d51931059b99b17.jpg,FCIU8134937
1-125234001-OCR-AH-A01_jpg.rf.4d42e38154f307050361433106711f7a.jpg,GLDU0469961
1-125942001-OCR-AH-A01_jpg.rf.729b79012b1c6d52f3ee065923ea2cb5.jpg,MRKU5400030
1-131757001-OCR-AH-A01_jpg.rf.bbff1d0907a0bd32a78c335d9721b366.jpg,WDFU3007753
1-131925001-OCR-AH-A01_jpg.rf.1847d9539f656be5934b99b4236110ab.jpg,CLHU8012592
1-132003001-OCR-AH-A01_jpg.rf.c7cdb2c9eaa003232c4ee96bc2b36fa5.jpg,WDFU3017155
1-132030001-OCR-AH-A01_jpg.rf.4d405cc10e833cfcb9f706dcf1a1d3cb.jpg,MRKU6542450
1-132612001-OCR-AH-A01_jpg.rf.79f6286032e16fd24313dbc744aa49a7.jpg,MSKU1501595
1-132736001-OCR-AH-A01_jpg.rf.cbf6e7b20b2429f3b5bb6625609afb3c.jpg,CMAU4406543
1-133006001-OCR-AH-A01_jpg.rf.4bdf247828fbb8ed5ac450cbd352bbea.jpg,FESU5131394
1-134312001-OCR-AH-A01_jpg.rf.37c66a2893b58a87b3c6758b914fbc6e.jpg,MRKU2959322
1-135646001-OCR-AH-A01_jpg.rf.72765c70b5766d05912db5cf57c7ed94.jpg,TRLU8228210
1-140105001-OCR-AH-A01_jpg.rf.50281d02d26837ea11ae0aff34d2fb58.jpg,GATU8489237
1-140510001-OCR-AH-A01_jpg.rf.c5b41b78b7ae711734bcf51881268a02.jpg,MEDU4042711
1-144707001-OCR-AH-A01_jpg.rf.17447907f110dbe3ad4e3997d5de2109.jpg,SEGU5033840
1-144726001-OCR-AH-A01_jpg.rf.7ca56eabc2771ea9d2e04d76ef72e57a.jpg,SEGU1845378
1-144733001-OCR-AH-A01_jpg.rf.ad5ae2328576738787a7ed63b23104ac.jpg,ECMU9588485
1-144818001-OCR-AH-A01_jpg.rf.cafb3de7460ee192808d34a8039b0cac.jpg,ECMU4577282
1-145251001-OCR-AH-A01_jpg.rf.4ea3a87d9b2f1c1e8cf1497bd506a450.jpg,MRKU0222315