container_id,split
BEAU4166635,train
BMOU4131633,val
BMOU5836865,test
BMOU6200266,test
BMOU6725737,train
BSIU3121575,val
BSIU9563039,train
CAIU8782037,test
CLHU8012592,train
CMAU4406543,train
CMAU4684781,train
CMAU4974667,train
ECMU9588485,train
FCIU8134937,train
FCIU9594900,val
FESU5131394,train
FSCU7043826,train
GATU8489237,val
GESU6621930,train
HLXU5108577,train
IRSU2045217,train
KKFU7818595,train
MNBU0224998,train
MRKU0222315,val
MRKU0555960,val
MRKU2011292,train
MRKU2851261,train
MRKU2959322,train
MRKU4571399,test
MRKU5400030,val
MRKU6234191,train
MRKU6235602,val
MRSU3082307,train
MRSU3115611,train
MSCU7895429,train
MSCU9262918,train
MSKU1501595,train
SEGU1845378,train
SEGU5033840,test
SEGU5845118,val
STXU2054050,val
SUDU6073750,train
SUDU6843547,val
SUDU6915729,train
TCLU5533417,test
TCLU8559924,train
TCLU8615247,train
TCLU8783678,train
TCNU3272224,train
TCNU4412300,train
TCNU4922860,test
TCNU5345016,test
TCNU5466194,test
TCNU5558433,train
TCNU6306020,val
TCNU6461279,val
TCNU7834227,train
TCNU7873178,test
TCNU8310306,train
TCNU8626552,train
TCNU8935192,train
TEMU6103130,train
TEMU6372145,train
TEMU8636592,train
TGHU0537770,val
TGHU9095529,train
TGHU9782280,test
TLLU4184535,train
TRHU3640459,test
TRIU0535670,val
TRLU8200492,test
TRLU8228210,test
UNIU5041740,val
WDFU3007753,train
WDFU3017155,test
WFHU5188287,train
